{"cameraMode":{"drawMode":0,"name":"Shaded","section":"Shading Mode"},"sceneLighting":false,"audioPlay":false,"sceneViewState":{"showFog":true,"showMaterialUpdate":false,"showSkybox":false,"showFlares":true,"showImageEffects":true,"showParticleSystems":true},"in2DMode":false,"pivot":{"x":0.0038884878158569338,"y":0.0,"z":-0.021241962909698488},"rotation":{"x":0.021579602733254434,"y":-0.612221360206604,"z":0.016733981668949128,"w":0.7902508974075317},"size":0.2943792939186096,"orthographic":false}