{"cameraMode":{"drawMode":0,"name":"Shaded","section":"Shading Mode"},"sceneLighting":true,"audioPlay":false,"sceneViewState":{"showFog":true,"showMaterialUpdate":false,"showSkybox":true,"showFlares":true,"showImageEffects":true,"showParticleSystems":true},"in2DMode":false,"pivot":{"x":4.019915580749512,"y":1.4326975345611573,"z":9.94060230255127},"rotation":{"x":0.06089257448911667,"y":0.17192217707633973,"z":-0.010426070541143418,"w":0.9833235740661621},"size":6.160792350769043,"orthographic":false}