{"cameraMode":{"drawMode":0,"name":"Shaded","section":"Shading Mode"},"sceneLighting":false,"audioPlay":false,"sceneViewState":{"showFog":true,"showMaterialUpdate":false,"showSkybox":false,"showFlares":true,"showImageEffects":true,"showParticleSystems":true},"in2DMode":false,"pivot":{"x":0.03751957416534424,"y":0.0,"z":0.0031867027282714845},"rotation":{"x":0.025344394147396089,"y":-0.9558696746826172,"z":0.08655434101819992,"w":0.27969402074813845},"size":1.2207666635513306,"orthographic":false}