{"cameraMode":{"drawMode":0,"name":"Shaded","section":"Shading Mode"},"sceneLighting":false,"audioPlay":false,"sceneViewState":{"showFog":true,"showMaterialUpdate":false,"showSkybox":false,"showFlares":true,"showImageEffects":true,"showParticleSystems":true},"in2DMode":false,"pivot":{"x":-0.33732473850250246,"y":-0.020501350983977319,"z":-0.6401296257972717},"rotation":{"x":0.00991544034332037,"y":-0.9900937676429749,"z":0.1031498834490776,"w":0.09500226378440857},"size":1.1582900285720826,"orthographic":false}