{"cameraMode":{"drawMode":0,"name":"Shaded","section":"Shading Mode"},"sceneLighting":false,"audioPlay":false,"sceneViewState":{"showFog":true,"showMaterialUpdate":false,"showSkybox":false,"showFlares":true,"showImageEffects":true,"showParticleSystems":true},"in2DMode":false,"pivot":{"x":0.2919999957084656,"y":1.1689997911453248,"z":0.9609999656677246},"rotation":{"x":0.11987191438674927,"y":0.049983520060777667,"z":-0.006031068041920662,"w":0.9915401339530945},"size":10.0,"orthographic":false}