{"cameraMode":{"drawMode":0,"name":"Shaded","section":"Shading Mode"},"sceneLighting":false,"audioPlay":false,"sceneViewState":{"showFog":true,"showMaterialUpdate":false,"showSkybox":false,"showFlares":true,"showImageEffects":true,"showParticleSystems":true},"in2DMode":false,"pivot":{"x":-0.32999998331069949,"y":1.059999942779541,"z":0.8340000510215759},"rotation":{"x":0.04821887984871864,"y":0.6462719440460205,"z":-0.04096335545182228,"w":0.7605165839195252},"size":0.27271029353141787,"orthographic":false}