{"cameraMode":{"drawMode":0,"name":"Shaded","section":"Shading Mode"},"sceneLighting":false,"audioPlay":false,"sceneViewState":{"showFog":true,"showMaterialUpdate":false,"showSkybox":false,"showFlares":true,"showImageEffects":true,"showParticleSystems":true},"in2DMode":false,"pivot":{"x":9.119999885559082,"y":-0.46000000834465029,"z":5.409999847412109},"rotation":{"x":0.14799706637859345,"y":0.5134031176567078,"z":-0.09041814506053925,"w":0.8404658436775208},"size":10.0,"orthographic":false}