{"cameraMode":{"drawMode":0,"name":"Shaded","section":"Shading Mode"},"sceneLighting":false,"audioPlay":false,"sceneViewState":{"showFog":true,"showMaterialUpdate":false,"showSkybox":false,"showFlares":true,"showImageEffects":true,"showParticleSystems":true},"in2DMode":false,"pivot":{"x":-0.559999942779541,"y":1.059999942779541,"z":1.2980000972747803},"rotation":{"x":-0.00869179517030716,"y":0.006231841165572405,"z":0.000060351383581291884,"w":1.0000067949295045},"size":0.27271029353141787,"orthographic":false}