{"cameraMode":{"drawMode":0,"name":"Shaded","section":"Shading Mode"},"sceneLighting":false,"audioPlay":false,"sceneViewState":{"showFog":true,"showMaterialUpdate":false,"showSkybox":false,"showFlares":true,"showImageEffects":true,"showParticleSystems":true},"in2DMode":false,"pivot":{"x":-3.5699996948242189,"y":3.2900002002716066,"z":8.710000038146973},"rotation":{"x":0.032750364392995837,"y":-0.7830727100372315,"z":0.04139958322048187,"w":0.6197923421859741},"size":14.757074356079102,"orthographic":false}