{"cameraMode":{"drawMode":0,"name":"Shaded","section":"Shading Mode"},"sceneLighting":false,"audioPlay":false,"sceneViewState":{"showFog":true,"showMaterialUpdate":false,"showSkybox":false,"showFlares":true,"showImageEffects":true,"showParticleSystems":true},"in2DMode":false,"pivot":{"x":-4.198134422302246,"y":0.23924636840820313,"z":-6.490518569946289},"rotation":{"x":0.03776128217577934,"y":0.048188962042331699,"z":-0.0017806884134188295,"w":0.9982201457023621},"size":10.0,"orthographic":false}