{"cameraMode":{"drawMode":0,"name":"Shaded","section":"Shading Mode"},"sceneLighting":false,"audioPlay":false,"sceneViewState":{"showFog":true,"showMaterialUpdate":false,"showSkybox":false,"showFlares":true,"showImageEffects":true,"showParticleSystems":true},"in2DMode":false,"pivot":{"x":2.384185791015625e-7,"y":0.0,"z":2.980232238769531e-7},"rotation":{"x":0.058158669620752338,"y":-0.8060194849967957,"z":0.08029928803443909,"w":0.5835675597190857},"size":1.305269479751587,"orthographic":false}